"OrderPrice","TimeStampEpoch"
47.29,1673015280024264960
47.93,1673015280024384512
3.2,1673015280033120000
3.11,1673015280033145344
3.19,1673015280033175040
3.16,1673015280033189888
3.26,1673015280033247744
3.1,1673015280033447680
3.26,1673015280033517568
3.17,1673015280033693440
47.9,1673015280078683136
47.32,1.673015280085e+18
47.27,1673015280096036864
47.88,1673015280132710400
47.29,1673015280147511040
47.73,1673015280152083456
47.15,1673015280152199936
47.12,1673015280152521984
47.71,1673015280208486912
46.17,1673015280247913984
46.2,1673015280270365184
47.68,1673015280587644416
47.15,1673015280587685888
47.12,1673015280592818944
47.71,1673015280613718016
47.68,1673015280754414080
47.15,1673015280754466816
47.12,1673015280759731456
47.71,1673015280761919744
3.26,1673015280870900480
3.27,1673015280871238144
47.68,1673015280927907584
47.15,1673015280927966208
47.12,1673015280933967616
47.71,1673015280934022656
1.85,1673015280994283264
47.73,1673015281013844224
46.17,1673015281203354880
47.9,1673015282196406272
47.71,1673015282197105664
47.88,1673015282250551808
47.15,1673015282301548032
47.73,1673015282301669376
47.12,1673015282301773824
47.71,1673015282354923520
47.15,1673015282354964480
47.73,1673015282673974016
47.85,1673015283185119232
47.12,1673015285421228800
45.61,1673015285884937984
46.15,1673015286162520064
47.68,1673015286169131776
47.27,1673015286610821120
47.83,1673015286610877440
47.85,1673015286611043840
47.24,1673015286613168384
47.22,1673015286628580352
47.83,1673015286676443648
47.24,1673015286692189440
47.27,1673015287058854656
47.24,1673015287059043840
47.85,1.67301528706e+18
47.83,1673015287115442944
47.85,1673015287116465152
47.27,1673015287159023616
47.24,1673015287387765248
47.83,1673015287492931840
47.27,1673015287492986368
47.24,1673015287695411456
47.85,1673015287695457024
47.83,1673015287802074112
47.27,1673015287802126848
47.24,1673015287842780416
47.85,1673015287842835968
47.83,1673015288028707584
47.85,1673015288119422976
45.59,1673015288883616256
47.66,1673015289117649664
47.68,1673015289117849856
47.83,1673015289248660992
47.76,1673015289764824320
47.85,1.673015289765e+18
47.1,1673015289765035520
47.68,1673015289883502592
47.12,1673015289883555328
47.66,1673015290109236480
47.1,1673015290137063680
47.68,1673015290137185280
47.66,1673015290204349184
47.12,1673015290204385280
47.8,1673015290253321216
47.83,1673015290253832192
47.22,1673015290433073664
47.2,1673015290739789312
47.8,1673015290789585664
3.11,1673015290930614784
3.1,1673015290930935040
47.1,1673015290944382976
47.17,1673015290946467840
47.68,1673015290948395520
3.11,1673015290950753024
3.1,1673015290951244544
47.2,1673015291052514816
3.11,1673015291128570368
3.1,1673015291128609536
47.17,1.673015291261e+18
47.66,1673015292066105856
46.12,1673015293014649344
3.11,1673015293417905664
3.1,1673015293418166016
3.11,1673015293477799424
3.1,1673015293478074368
3.11,1673015293558128640
3.1,1673015293558362880
3.11,1673015293616262144
3.1,1673015293616311808
3.11,1673015294019644160
3.1,1673015294020083712
47.24,1673015294339307520
47.17,1673015294339516928
3.11,1673015294928131840
3.1,1673015294928337408
3.11,1673015295008355840
3.1,1673015295008807424
3.11,1673015295088377600
3.1,1673015295088657408
3.11,1673015295108722688
3.1,1673015295109137920
3.11,1673015295168531968
3.1,1673015295168829184
46.17,1673015295246222080
46.22,1673015295246730496
46.2,1673015295360357888
3.16,1673015296272171776
3.17,1673015296272598016
3.16,1673015296330128384
3.17,1673015296330168576
3.16,1673015296389831680
3.17,1673015296389861888
47.2,1673015296849500416
47.12,1673015297088193280
46.17,1673015297130682368
46.2,1673015297130871040
47.8,1673015297424762368
47.1,1673015297424817920
47.07,1673015297431593216
47.88,1673015297443392000
47.85,1673015297752749824
47.83,1673015298838976000
47.15,1673015299542755840
47.73,1673015299542794240
47.07,1673015299554835200
47.76,1673015299554869760
47.1,1673015299946694144
47.73,1673015300154661120
3.16,1673015300166618880
3.17,1673015300167063296
3.16,1673015300206633984
3.17,1.673015300207e+18
3.16,1673015300262604800
3.17,1673015300262648320
3.16,1673015300387309568
3.17,1673015300387445248
3.16,1673015301093634048
3.17,1673015301093700608
3.16,1673015301154378496
3.17,1673015301156811264
46.17,1673015301193942528
3.16,1673015301229417984
3.17,1673015301229656576
3.16,1673015301490514944
3.17,1673015301490905088
47.15,1673015301610944512
3.16,1673015301670680320
3.17,1673015301670961920
3.16,1673015301710905600
3.17,1673015301711158272
3.16,1673015301770961408
3.17,1673015301771331840
3.16,1673015301811468800
3.17,1673015301811906048
3.16,1673015302573660160
3.17,1673015302574085632
3.16,1673015302613824256
3.17,1673015302614128384
47.76,1673015302952487936
46.2,1673015303038116352
46.22,1673015304150409216
46.2,1673015304228102400
46.17,1673015305235275520
3.26,1673015305649479680
3.26,1673015305649513472
3.16,1673015305649569280
3.17,1673015305649580544
46.15,1673015306113230080
47.22,1673015308825657344
47.83,1673015308825802240
47.85,1673015308825930752
47.93,1673015308826529792
47.17,1673015308856077312
47.88,1673015308878383616
47.73,1673015308887209984
47.29,1673015308910940416
47.85,1673015310038287360
47.88,1673015310090436864
47.85,1673015311028195840
46.12,1673015312208638720
47.78,1673015313442596864
47.76,1673015313495480064
47.17,1673015314077580288
47.73,1673015314077636608
47.83,1673015314115463936
47.27,1673015314116148480
47.15,1673015314118238464
47.85,1673015314120237056
47.17,1673015314270338304
47.76,1673015314270481920
47.15,1673015314274329600
45.61,1673015314549071872
45.59,1673015314549254400
47.83,1673015315052190464
46.15,1673015315108421120
45.61,1673015315806684672
45.59,1673015315806934784
45.61,1673015316032694272
46.17,1673015316032878080
45.59,1673015316503316480
46.15,1673015316507173888
46.17,1673015316507509248
47.8,1673015316632671232
47.22,1673015316632820480
47.83,1673015316632935936
47.2,1673015316633061888
47.83,1673015316672937216
47.88,1673015316681530880
47.24,1673015316712593920
47.17,1673015316790573056
47.73,1673015316790625280
47.78,1673015317082721536
46.15,1673015318532236800
47.8,1673015318533140736
47.83,1673015320121394944
47.27,1673015320124346368
47.24,1673015320126960640
47.27,1673015320225353984
47.2,1673015320380419840
47.76,1673015320380468736
47.15,1673015321106843648
47.78,1673015321106885120
47.8,1673015321228362752
3.26,1673015321961465600
3.25,1673015321962034688
47.76,1673015326052276480
47.17,1673015326052326144
3.26,1673015327324138240
3.26,1673015327324532480
3.26,1673015327384041216
3.25,1673015327384525824
47.85,1673015328253340160
47.93,1673015328324796416
47.9,1673015329114225152
47.27,1673015329114260992
47.88,1673015329227583488
47.17,1673015329227731200
47.93,1673015329228333056
3.26,1673015329229620480
3.26,1673015329230273280
47.27,1673015329289809920
47.9,1673015329289854464
46.2,1673015329743211008
47.88,1673015330051916288
47.17,1673015330052020480
47.93,1673015330055905536
46.22,1673015330283496448
46.17,1673015330356238848
47.24,1673015331118566400
46.15,1673015331248783872
47.78,1673015332219523072
47.83,1673015332220212224
47.83,1673015332247318784
47.29,1673015332259281408
47.24,1673015332259544064
47.29,1673015332382443008
47.2,1673015332405273856
47.24,1673015332493726976
46.12,1673015332747815680
47.8,1673015333231008256
47.8,1673015333831238656
47.76,1673015335205409792
3.26,1673015336875491328
3.25,1673015336876191744
3.26,1673015336895290368
3.26,1673015336895740160
3.26,1673015336945755904
3.25,1673015336945810432
3.26,1673015337256252416
3.26,1673015337256720640
3.26,1673015337316656128
3.25,1673015337317275648
47.17,1673015337820873728
47.73,1673015337825117440
47.2,1673015337886149120
47.17,1673015337886360064
3.26,1673015338018511872
3.26,1673015338019098112
47.78,1673015339036838400
47.83,1673015339881847040
47.2,1673015339935372288
47.76,1673015339935490048
47.27,1673015339947867136
47.8,1673015339948418816
47.24,1673015339948539136
47.83,1673015339952417792
47.17,1673015339955138816
47.73,1673015340085881344
47.76,1673015340086079488
47.2,1673015340898310144
3.26,1673015341268178944
3.25,1673015341268566016
3.26,1673015341268781824
3.26,1673015341269012736
1.89,1673015342598505984
1.89,1673015342707230720
47.17,1673015344523107328
47.73,1673015344523424768
45.56,1673015345490466560
45.59,1673015345540991744
45.56,1673015345730570496
47.15,1673015346685081856
47.17,1673015346744841984
47.15,1673015346945758208
47.17,1673015347026226944
47.15,1673015347206169856
47.17,1673015347861332224
47.15,1673015348109981184
47.17,1673015348173794816
47.78,1673015348623654656
47.15,1673015348623702016
1.89,1673015352148661248
47.76,1673015352234013440
1.89,1673015352476011520
47.2,1673015353736606208
1.85,1673015354272567040
3.26,1673015356842647552
3.25,1673015356843037440
3.26,1673015356922805760
3.26,1673015356923280896
3.26,1673015357003159552
3.25,1673015357004043264
45.59,1673015357548562432
45.56,1673015357601007104
1.89,1673015358987922944
1.85,1673015358987968256
45.59,1673015360199499520
3.26,1673015361335694336
3.26,1673015361336271872
47.8,1673015361615633920
47.22,1673015361615741440
47.83,1673015361619647488
47.2,1673015361619681792
47.85,1673015361689790720
47.22,1673015361691044352
47.8,1673015361739864064
1.85,1673015368518421760
47.22,1673015368618008320
47.78,1673015368618114560
47.2,1673015368638018560
47.8,1673015368638073600
1.89,1673015369730548736
47.15,1673015372834330112
46.1,1673015376557982208
46.12,1673015376798765568
47.17,1673015377380560896
46.1,1673015377380577536
46.12,1673015377420547072
47.15,1673015377420563968
46.1,1673015377641322240
47.17,1673015377641338368
47.15,1673015377661165824
46.12,1673015377661187840
47.17,1673015377721346048
46.1,1673015377721374720
46.12,1673015377821708800
47.15,1673015377821722880
47.17,1673015377922052864
46.1,1673015377922066176
46.12,1.673015377942e+18
47.15,1673015377942018816
47.24,1673015379036335616
47.17,1673015379887642880
46.1,1673015379887658240
47.15,1673015379907695360
46.12,1673015379907799296
47.17,1673015379967854080
46.1,1673015379967866368
47.15,1673015379987825152
46.12,1673015379987847168
47.22,1673015380035932160
47.24,1673015380087318016
46.1,1673015380288855040
47.17,1673015380288871680
47.15,1673015380349090816
46.12,1673015380349195520
46.1,1673015380449131520
47.17,1673015380449146880
46.12,1673015380489243648
47.15,1673015380489289216
47.17,1673015380550536960
46.1,1673015380550896640
46.12,1673015380569529344
47.15,1673015380569542400
47.22,1673015381036141824
46.1,1673015381251713280
47.17,1673015381251729664
1.89,1673015382021262848
1.89,1673015382104636928
46.12,1673015382134053120
47.15,1673015382134073600
46.1,1673015382256706048
47.17,1673015382256721408
47.15,1673015382276541440
46.12,1673015382276565760
47.17,1673015382329261056
46.1,1673015382329593344
47.15,1673015384564046848
30.59,1673015384892244480
31.12,1673015384892291840
3.26,1673015385438892800
3.25,1673015385439089920
47.83,1673015385659854336
46.12,1673015385660622848
47.2,1673015385660986880
46.1,1673015386148111616
47.22,1673015386165846016
46.12,1673015386208177152
46.1,1673015386268376320
46.12,1673015386328643072
46.1,1673015386556227072
46.12,1673015387003823360
46.1,1673015387320226816
46.12,1673015387360303616
46.1,1673015387460450816
46.12,1673015387480567040
30.56,1673015387494355200
30.59,1673015387561308160
47.17,1673015387781541888
47.76,1673015387781587968
46.1,1673015388002096384
46.12,1673015388021961216
46.1,1673015388082251520
47.22,1673015388565752320
47.83,1673015388565868544
46.12,1673015388566530304
46.1,1673015389065199360
47.15,1673015389975315456
3.26,1673015390488936960
3.26,1673015390489444352
47.8,1673015391323380736
47.17,1673015391555429888
47.15,1673015391793092864
47.78,1673015391913658624
47.22,1673015391913689856
30.56,1673015391987738880
46.12,1673015392345558528
47.83,1673015393227245568
47.78,1673015394212663040
31.1,1673015394796206080
31.12,1673015394796724736
47.2,1673015394973964800
47.83,1673015395013473536
30.59,1673015395288070656
30.56,1673015395587367936
31.15,1673015395601934080
47.78,1673015397799943680
47.2,1673015397800146432
45.56,1673015398592808960
30.61,1673015398596940800
47.24,1673015399050103040
47.78,1673015399506693120
47.8,1673015399516766720
47.83,1673015399526541312
47.17,1673015399526572544
47.12,1673015399866626560
47.07,1673015399983808000
47.2,1673015399985430784
31.17,1673015399986859520
47.44,1673015400109079552
47.59,1673015400109227008
47.66,1673015400109416960
30.85,1673015400125353216
32.95,1673015400125570560
30.8,1673015400126063616
47.66,1673015400236406272
47.32,1673015400237012736
3.21,1673015400253841408
3.25,1673015400253916672
45.8,1673015400263620864
45.93,1673015400263701760
46,1673015400263914496
1.87,1673015400270637824
1.87,1673015400270723072
3.13,1673015400272476672
3.14,1673015400272563200
3.22,1673015400273313280
3.24,1673015400273336832
3.11,1673015400294625280
3.15,1673015400294671104
47.71,1673015400370310400
47.76,1673015400395575808
30.73,1673015400396444672
47.73,1673015400413838080
46.02,1673015400415174656
47.41,1673015400419052544
47.39,1673015400419165184
47.39,1673015400492267264
46.05,1673015400509884928
45.93,1673015400517594880
47.32,1673015400521797120
46.07,1673015400522631680
45.9,1673015400541830656
3.21,1673015400711087616
3.13,1673015400711126784
3.12,1673015400711352576
47.63,1673015400711620608
3.22,1673015400713634560
30.71,1673015400714933760
46.1,1673015400715578368
47.39,1673015400790616576
47.8,1673015400790814464
47.34,1673015400899404544
47.66,1673015400899471104
45.98,1673015400904384000
47.78,1673015401123440128
47.49,1673015401123513600
47.41,1673015401245222656
3.25,1673015401245485056
3.16,1673015401245599744
3.15,1673015401245790720
30.73,1673015401246807040
46.02,1673015401246863360
45.88,1673015401247073792
3.24,1673015401247244544
47.41,1673015401251937280
47.54,1673015401258878464
3.21,1673015401264831744
3.22,1673015401264931328
3.11,1673015401265007360
3.13,1673015401265162240
47.8,1673015401265589760
30.68,1673015401266623488
3.25,1673015401297094144
3.14,1673015401297944576
3.24,1673015401298216960
3.15,1673015401298611456
46.05,1673015401412628992
45.85,1673015401432611584
47.39,1673015401476008448
47.37,1673015401512331520
47.73,1673015401515699712
47.56,1673015401575013888
3.22,1673015401578982912
3.13,1673015401579014656
3.12,1673015401579431936
47.32,1673015401579740672
47.76,1673015401579837440
3.21,1673015401580124672
47.29,1673015401591958528
46.02,1673015401664322816
3.22,1673015401688798720
3.21,1673015401688865280
3.11,1673015401689011456
3.13,1673015401689030144
47.39,1673015401760322048
30.73,1673015401766940672
46.05,1673015401782599168
47.54,1673015401825006080
47.63,1673015401832177664
47.51,1673015401858108928
45.88,1673015401936927232
3.15,1673015401959686400
3.15,1673015401960125440
45.85,1673015401976820480
47.66,1673015402012594944
3.14,1673015402015644672
3.15,1673015402015668480
30.76,1673015402017210368
30.73,1673015402019072256
3.15,1673015402039592960
3.15,1673015402039888384
47.51,1673015402079444736
47.54,1673015402118748160
3.14,1673015402119705088
3.15,1673015402120089344
3.15,1673015402140055552
3.15,1673015402140463616
47.54,1673015402153553920
47.68,1673015402200200704
47.51,1673015402200237056
47.49,1673015402204794368
47.39,1673015402205600768
47.73,1673015402205623808
47.34,1673015402211405312
47.78,1673015402211470848
45.88,1673015402229016576
3.14,1673015402240501248
3.15,1673015402240909312
46,1673015402285891840
46.02,1673015402306559488
47.54,1673015402488724480
47.66,1673015402488793600
47.51,1673015402491264512
45.9,1673015402491732992
47.54,1673015402506822144
46,1673015402568173056
3.15,1673015402568902400
3.15,1673015402570153216
46.02,1673015402579852288
3.14,1673015402621938688
3.15,1673015402622573568
30.71,1673015402680384512
30.68,1673015402682380288
47.51,1673015402704647424
3.15,1673015402722487040
3.15,1673015402723217920
45.93,1673015402741984768
46.05,1673015402743907584
47.51,1673015402761960960
3.14,1673015402796463104
3.15,1673015402796499968
45.9,1673015402804045312
46.07,1673015402806980864
3.15,1673015402863844864
3.15,1673015402863970560
47.37,1673015402875974656
47.34,1673015402880233984
47.32,1673015402880520960
47.49,1673015402910191104
3.14,1673015402924495616
3.15,1673015402925381632
30.78,1673015402932602880
3.13,1673015403005823744
3.22,1673015403005848064
3.12,1673015403006725120
3.21,1673015403008710400
45.93,1673015403063354368
46.05,1673015403063437056
45.9,1673015403143654912
47.54,1673015403160073728
47.51,1673015403166396160
47.49,1673015403264415232
46.02,1673015403316300288
30.76,1673015403335579136
46.05,1673015403346661888
47.68,1673015403366081024
45.95,1673015403393585920
30.73,1673015403408901632
46.07,1673015403419372032
47.54,1673015403419529216
30.71,1673015403448806400
47.37,1673015403638041088
47.34,1673015403670016000
47.51,1673015403823436288
47.71,1673015403823586816
45.93,1673015403862825472
46.05,1673015403921625088
30.78,1673015403952322048
3.22,1673015403992457728
3.21,1673015403992484352
3.13,1673015403992492544
3.11,1673015403992598784
3.15,1673015404027044352
3.15,1673015404027418112
47.56,1673015404084672256
47.68,1673015404084742656
3.14,1673015404085933056
3.15,1673015404086454784
3.15,1673015404105939968
3.15,1673015404106297856
3.22,1673015404110032640
3.13,1673015404110080000
3.21,1673015404110128640
3.12,1673015404110183936
3.22,1673015404131097856
3.21,1673015404131150848
3.13,1673015404131260416
3.11,1673015404131290112
3.14,1673015404186194432
3.15,1673015404186650880
3.15,1673015404206543872
3.15,1673015404206881280
47.54,1673015404237045760
3.22,1673015404350905600
3.13,1673015404351202304
3.21,1673015404351288320
3.12,1673015404351465984
3.21,1673015404426270720
3.22,1673015404427145728
46.02,1673015404441667072
3.21,1673015404446336000
3.22,1673015404446972416
3.14,1673015404447249920
3.13,1673015404447438080
3.15,1673015404447503360
3.11,1673015404447644160
3.15,1673015404467231744
3.15,1673015404467557888
47.46,1.673015404517e+18
47.49,1.673015404543e+18
46.05,1673015404554916864
3.22,1673015404558191360
3.12,1673015404558261248
3.21,1673015404558352384
3.13,1673015404558522880
3.14,1673015404628011776
3.15,1673015404628268032
3.15,1673015404647446784
3.15,1673015404647744256
30.76,1673015404676164608
47.37,1673015404691308800
30.73,1673015404694935552
47.56,1673015404745532160
3.14,1673015404755134464
3.15,1673015404755476736
46.02,1673015404828324352
47.54,1673015404851964160
47.51,1673015404886549760
47.49,1673015404887640320
47.41,1673015404887767040
47.34,1673015404905379584
30.71,1673015404926960384
3.15,1673015404956101632
3.15,1673015404956593664
3.14,1673015405036289280
3.15,1673015405036758016
21.14,1673015405042408960
31.85,1673015405042554880
47.46,1673015405045025536
32.95,1673015405056729088
45.9,1673015405057981440
3.15,1673015405096343552
3.15,1673015405096897536
47.66,1673015405103055360
47.32,1673015405123773440
1.88,1673015405134447616
47.51,1673015405138023936
47.49,1673015405143346944
45.88,1673015405152100352
3.21,1673015405155778816
3.22,1673015405156464128
1.87,1673015405195919872
47.46,1673015405213392640
1.88,1673015405259009280
1.88,1673015405259752960
45.85,1673015405262116864
47.39,1673015405277174784
47.37,1673015405295756800
47.44,1673015405296637952
45.98,1673015405332586240
30.68,1673015405369331712
47.46,1673015405516580352
46,1673015405531843072
3.22,1673015405549081344
3.21,1673015405549237504
3.11,1673015405549325056
3.13,1673015405549350656
47.51,1673015405563990528
47.34,1673015405636314880
47.63,1673015405636483584
3.12,1673015405649773568
3.22,1673015405649814528
3.21,1673015405650060800
3.13,1673015405650116608
47.32,1673015405711406080
47.29,1673015405723807232
47.41,1673015405766470144
47.44,1673015405766706176
1.88,1673015405771628032
30.68,1673015405783645440
30.71,1673015405871585280
47.27,1673015405875380480
47.49,1673015405900145920
47.46,1673015405901591040
47.44,1673015405916576000
47.34,1673015405966980608
47.66,1673015405968061952
47.68,1673015405975622656
47.41,1673015406016568320
45.88,1673015406016765440
30.68,1673015406106518016
47.46,1673015406218298624
47.59,1673015406225864192
47.37,1673015406268405248
45.98,1673015406299319040
47.24,1673015406359946240
47.22,1673015406372645888
1.88,1673015406409661952
1.87,1673015406460345344
47.34,1673015406520232960
47.37,1673015406535402240
30.71,1673015406613127424
30.68,1673015406618711552
47.44,1673015406840607744
45.85,1673015406874989056
47.63,1673015406898951936
45.83,1673015406909504512
47.34,1673015407037110272
45.93,1673015407084719360
47.41,1673015407098029056
30.73,1673015407119950336
30.71,1673015407140339456
47.2,1673015407149788672
47.54,1673015407150611456
30.68,1673015407154480384
3.22,1673015407177256448
3.21,1673015407177270272
3.11,1673015407177330944
3.13,1673015407177499136
3.24,1673015407186587648
3.25,1673015407186666240
3.16,1673015407186736384
3.15,1673015407186906880
47.39,1673015407232560640
45.95,1673015407252318720
3.21,1673015407261268480
3.22,1673015407261496576
47.32,1673015407325021184
3.12,1673015407339447808
3.22,1673015407339471616
3.13,1673015407339617536
3.21,1673015407339631360
3.25,1673015407340161536
3.15,1673015407340288000
3.24,1673015407340311552
3.15,1673015407340643840
47.34,1673015407377200640
47.22,1673015407424706560
47.2,1673015407424914944
3.24,1673015407503513344
3.15,1673015407503541248
3.22,1673015407503561984
3.13,1673015407503755520
3.25,1673015407504074240
3.21,1673015407504088320
3.16,1673015407504565760
3.11,1673015407504587264
3.25,1673015407562864128
3.24,1673015407563865600
30.66,1673015407582331392
1.88,1673015407607835648
3.22,1673015407620852224
3.12,1673015407620873216
3.21,1673015407620892416
3.13,1673015407620994048
3.24,1673015407621135616
3.25,1673015407621154560
3.15,1673015407621204992
3.15,1673015407621408768
47.59,1673015407641693440
47.29,1673015407642928384
1.87,1673015407663658496
47.61,1673015407666205440
47.63,1673015407678865664
47.22,1673015407680534016
3.22,1673015407740022016
3.21,1673015407740079616
3.13,1673015407740150784
3.11,1673015407740364544
3.24,1673015407740569600
3.25,1673015407740679936
3.16,1673015407740792832
3.15,1673015407740857856
3.22,1673015407844336384
3.13,1673015407844383232
3.24,1673015407844492288
3.15,1673015407844515584
3.21,1673015407845113856
3.15,1673015407845335552
3.12,1673015407845350144
3.25,1673015407845392384
47.2,1673015407877959424
47.39,1673015407893273088
47.32,1673015407894017280
47.51,1673015407931402752
3.22,1673015407951009536
3.21,1673015407951025920
3.11,1673015407951161856
3.13,1673015407951318784
47.34,1673015407977245440
3.24,1673015407987842048
3.25,1673015407987898368
45.93,1673015408026421760
30.68,1673015408085679616
47.22,1673015408139086080
30.66,1673015408154583552
47.2,1673015408219878144
47.32,1673015408229926912
45.95,1673015408265761536
45.98,1673015408394017280
45.85,1673015408475310336
47.22,1673015408477714944
47.2,1673015408481102080
47.34,1673015408668147200
47.22,1673015408737736960
45.88,1673015408746859008
47.2,1673015408859366656
45.85,1673015408860521472
47.32,1673015408918809856
3.13,1673015408959399936
3.12,1673015408959472640
3.15,1673015408959662080
3.15,1673015408959681024
3.21,1673015409070208512
3.22,1673015409070294784
3.24,1673015409070349056
3.25,1673015409070397184
30.63,1673015409113775616
47.37,1673015409267214848
47.27,1673015409307389184
47.54,1673015409318045184
45.88,1673015409364407808
30.66,1673015409368777984
30.63,1673015409381961728
46,1673015409397446144
47.37,1673015409572715520
47.51,1673015409572761856
47.34,1673015409644396544
45.85,1673015409646406656
45.98,1673015409647492608
47.49,1673015409828754176
47.37,1673015409914221568
46,1673015409965737472
47.34,1673015409992361216
3.22,1673015410021009408
3.21,1673015410021079552
3.13,1673015410021162496
3.24,1673015410021217536
3.11,1673015410021256960
3.25,1673015410021390848
3.15,1673015410021968640
3.16,1673015410022067456
47.46,1673015410091742208
3.22,1673015410121361920
3.21,1673015410121395200
3.24,1673015410121406464
3.25,1673015410121510400
3.12,1673015410121580032
3.13,1673015410121640960
3.15,1673015410121769984
3.15,1673015410122256896
47.29,1673015410184736000
47.32,1673015410185795584
45.98,1673015410216366080
47.49,1673015410234732800
47.37,1673015410242769408
47.51,1673015410253907456
47.34,1673015410259737088
46,1673015410261728256
3.14,1673015410296647168
3.15,1673015410297013760
3.15,1673015410316848384
3.15,1673015410317407232
3.14,1673015410396917760
3.15,1673015410397282560
45.9,1673015410423508736
47.37,1673015410513232384
45.88,1673015410548228864
1.86,1673015410721574912
47.39,1673015410764375040
1.87,1673015410771440640
45.9,1673015410800354560
47.37,1673015410808729856
47.17,1673015410812231936
47.34,1673015410812378112
46.02,1673015410848335872
47.29,1673015410937916928
47.49,1673015411020252416
30.61,1673015411093156352
3.24,1673015411191726592
3.25,1673015411191851520
3.15,1673015411191868160
3.16,1673015411192336640
47.27,1673015411201778176
47.46,1673015411280994816
45.93,1673015411319554560
45.9,1673015411403210752
47.32,1673015411418273280
47.44,1673015411540200704
47.29,1673015411563158016
30.59,1673015411643294208
47.27,1673015411815069184
1.88,1673015412019375360
1.87,1673015412084214016
47.29,1673015412124299520
46,1673015412144303616
46.02,1673015412160617984
30.56,1673015412242981888
47.27,1673015412390655744
45.93,1673015412436686336
30.59,1673015412496450048
47.29,1673015412566228992
47.27,1673015412860767744
47.29,1673015412921851392
47.29,1673015413074086144
47.41,1673015413088014336
47.27,1673015413172302336
45.9,1673015413182420480
47.44,1673015413220931072
47.29,1673015413253253632
30.56,1673015413297434880
30.59,1673015414722964992
47.24,1673015414739027456
47.12,1673015414739144960
47.37,1673015414782566912
47.24,1673015414782693120
45.98,1673015414783584768
45.88,1673015414783769344
3.25,1673015414798951680
3.15,1673015414801266688
3.24,1673015414801372672
3.15,1673015414805745152
3.15,1673015414846659072
3.14,1673015414866510848
3.15,1673015414899555584
3.15,1673015414926494208
3.15,1673015414927086080
45.85,1673015415012596736
45.95,1673015415035583744
45.98,1673015415191864832
3.14,1673015415254048256
3.15,1673015415254231552
30.63,1673015415254561536
46,1673015415384801024
47.39,1673015415401403392
45.9,1673015415518488320
47.27,1673015415638281728
47.24,1673015415892226816
47.37,1673015415903483136
30.61,1673015415906292736
30.59,1673015415966150144
45.88,1673015416107283200
45.98,1673015416142544640
46,1673015416192461056
3.14,1673015416208488960
3.24,1673015416208533760
3.15,1673015416208585984
3.25,1673015416208753152
45.9,1673015416358935552
30.61,1.673015416469e+18
46.02,1673015416527203328
47.27,1673015416586852864
47.29,1673015416590333952
30.63,1.673015416721e+18
47.39,1673015416785796864
47.17,1673015416790799360
30.61,1673015416806599936
47.37,1673015417037254656
3.24,1673015417270830592
3.25,1673015417270959616
3.15,1.673015417271e+18
3.14,1673015417271147264
3.22,1673015417271175936
3.21,1673015417271239936
3.13,1673015417271754752
3.11,1673015417271811840
47.27,1673015417356422656
47.15,1673015417569480704
1.88,1673015417839518464
1.87,1673015417898141440
47.22,1673015417949161216
47.34,1673015418057689600
46,1673015418078464512
30.63,1673015418138802176
30.76,1673015418338362368
30.61,1673015418640902144
45.88,1673015418644352512
30.56,1673015418654732800
30.54,1673015418656954880
47.2,1673015418749669120
47.32,1673015418885632256
30.68,1673015418888034816
30.71,1673015418972248064
30.73,1673015418972372480
30.56,1673015419159571200
45.98,1673015419159833088
30.54,1673015419161122816
30.68,1673015419222621440
30.71,1673015419306013184
47.34,1673015419328166656
45.85,1673015419374956800
30.73,1673015419490136064
30.76,1673015419490342400
47.32,1.67301541958e+18
45.88,1673015419627297792
3.15,1673015419665905152
3.15,1673015419666432256
30.59,1673015419672059136
30.56,1673015419697517568
45.85,1673015419701880064
30.54,1673015419726177536
30.73,1673015419743036160
47.29,1673015419833852160
45.95,1673015419924153600
47.24,1673015419925088256
47.32,1673015419937381120
47.27,1673015419938194176
30.56,1673015419977657344
45.98,1673015419982322688
30.76,1673015420036354816
30.78,1673015420042205440
47.24,1673015420199036928
45.88,1673015420227289856
30.76,1673015420300156928
47.27,1673015420671585536
30.73,1673015420800901632
47.34,1673015420844245760
46,1673015420845109760
47.37,1673015420888147456
30.76,1673015420934746624
3.14,1673015420949702400
3.15,1673015420950145024
3.15,1673015420969808384
3.15,1673015420970273792
30.59,1673015420989748480
47.24,1673015421094812416
45.85,1673015421250192384
45.98,1673015421345731072
30.78,1673015421408962560
30.61,1673015421491144704
45.88,1673015421501681920
47.22,1673015421588142336
47.34,1673015421650387456
45.85,1673015421672542464
30.63,1673015421743209984
30.61,1673015421750933760
47.2,1673015421801322240
47.12,1673015421945181440
30.63,1673015422006489856
30.61,1673015422033560320
47.22,1673015422064950784
30.59,1673015422143131648
47.32,1673015422179456000
30.76,1673015422183493632
47.1,1673015422186590464
47.22,1673015422195345408
47.2,1673015422267736320
46,1673015422413334016
45.88,1673015422451929856
47.24,1673015422459674112
47.27,1673015422459790080
47.29,1673015422460718080
30.78,1673015422461513984
47.32,1673015422493873152
47.34,1673015422521913600
30.61,1673015422645870336
45.98,1673015422663765760
47.17,1673015422696135680
46,1673015422778840320
47.29,1673015423000994560
47.22,1673015423028206080
45.98,1673015423048056064
45.85,1673015423048643840
47.2,1673015423193506816
47.32,1673015423278455808
45.88,1673015423298933504
45.85,1673015423347439616
47.34,1673015423429260544
45.83,1673015423457065984
1.87,1673015423486164480
30.76,1673015423488180480
47.17,1673015423535246080
1.87,1673015423538680064
45.93,1673015423551551744
47.15,1673015423560803584
30.78,1673015423608721920
47.29,1673015423680408320
45.95,1673015423705886208
47.27,1673015423759326720
30.76,1673015423859903744
30.63,1673015423920294400
45.93,1673015423959767552
3.25,1673015423979632640
3.24,1673015423980290048
45.95,1673015424039580672
47.15,1673015424102699008
47.27,1673015424193583616
47.29,1673015424267535360
47.27,1673015424520758272
47.29,1673015424548710912
47.29,1673015424548881664
47.32,1673015424549339648
47.17,1673015424570941440
47.17,1673015424604529920
30.78,1673015424711389696
47.15,1673015424746561024
47.29,1673015424802185984
45.93,1673015425043198464
47.27,1673015425052134912
45.8,1673015425137413120
47.29,1673015425207745536
47.17,1673015425260574720
47.15,1673015425307494144
47.15,1673015425310814464
45.83,1673015425394606592
45.95,1673015425475823616
30.8,1673015425481132032
30.83,1673015425501692416
47.17,1673015425557497856
47.17,1673015425562491392
30.68,1673015425691895808
30.8,1673015425757606656
47.27,1673015425808969216
45.85,1673015425894950656
45.83,1673015426025984512
47.15,1673015426040962048
47.15,1673015426146751488
47.27,1673015426247294720
45.93,1673015426266402560
30.78,1673015426275774720
45.8,1673015426290382080
47.12,1673015426327349760
47.12,1673015426382351872
47.1,1673015426438935552
30.66,1673015426486231552
45.83,1673015426546127872
47.24,1673015426564737280
30.63,1673015426566496768
30.8,1673015426700989184
30.83,1673015426716783360
30.68,1673015426828299520
30.8,1673015426971812864
47.22,1673015427068881408
45.95,1673015427086031360
30.66,1673015427156444672
30.78,1673015427230217216
30.8,1673015427246752768
45.93,1673015427354102016
47.15,1673015427389811712
30.78,1673015427498951936
47.07,1673015427535970560
47.12,1673015427544550400
47.24,1673015427579328256
45.8,1673015427609882112
47.1,1673015427790835200
30.8,1673015427800116736
47.15,1673015427808298240
47.22,1673015427830407680
45.83,1673015427869372160
47.12,1673015427950590720
45.8,1673015428144082432
47.24,1673015428288691456
47.07,1673015428305085952
30.78,1673015428315057920
45.9,1673015428357556480
45.78,1673015428422205952
30.8,1673015428483814144
1.87,1673015428535049216
7.47,1673015428535105280
1.87,1673015428535895552
47.22,1673015428554646528
47.2,1673015428595182592
1.87,1673015428614456320
45.8,1673015428683184640
30.78,1673015428736252416
30.8,1673015428834566144
47.24,1673015428947412992
45.93,1673015428949592064
47.15,1673015428960507136
47.12,1673015428961612288
45.9,1673015429200772864
47.05,1673015429295828224
45.78,1673015429346529536
47.17,1673015429352450560
30.76,1673015429371007744
47.22,1673015429455107584
47.02,1673015429467782144
30.78,1673015429494265856
30.8,1673015429495800320
45.8,1673015429598674432
47.15,1673015429602589440
1.87,1673015429624156160
47,1673015429698590720
30.68,1673015429720128512
47.02,1673015429952387840
47,1673015429952579584
30.71,1673015429976659968
30.83,1673015429981914112
30.68,1673015430084856064
47.1,1673015430088433152
1.87,1673015430100468736
47.12,1673015430110299648
46.98,1673015430239373056
30.73,1673015430339886592
30.71,1673015430348175360
46.95,1673015430440445696
1.87,1673015430481781760
1.87,1673015430501626368
45.93,1673015430585661440
1.87,1673015430601985024
47.1,1673015430615068160
47,1673015430691210240
46.98,1673015430695241216
47.24,1673015430757068544
47.12,1673015430843601664
45.83,1673015430887849984
3.22,1673015430898197760
3.12,1673015430898319360
3.21,1673015430898439680
3.13,1673015430898528768
47.12,1673015430909635840
47.15,1673015430922342144
47,1673015430946125056
30.85,1673015431065792256
30.88,1673015431105408256
30.73,1673015431111705344
47.02,1673015431196237312
45.8,1673015431197361152
47,1673015431242739200
47.1,1673015431353585664
30.76,1673015431368260864
1.87,1673015431464637952
1.87,1673015431524613120
47.12,1673015431604023040
47.1,1673015431611235584
1.87,1673015431625172480
30.85,1673015431625279744
30.88,1673015431661971968
30.73,1673015431670303232
47.1,1673015431675778816
47.22,1673015431772274944
46.98,1673015431775503360
45.9,1673015431865469440
30.9,1673015431901347584
47.24,1673015431907085312
30.76,1673015431921689600
47.12,1673015432123407360
45.93,1673015432137602560
47.22,1673015432170488064
30.78,1673015432173195776
30.76,1673015432208790528
47,1673015432281253376
30.8,1673015432472456960
45.83,1673015432472529920
30.78,1673015432499965440
30.76,1673015432627012608
30.88,1673015432660966400
30.9,1673015432669501440
45.95,1673015432683873536
47.15,1673015432769879552
30.78,1673015432886412800
30.93,1673015432888963840
47.12,1673015432898332160
30.95,1673015432936520960
47.24,1673015432949694464
45.85,1673015432975037184
47.02,1673015433038195200
30.8,1673015433138755840
30.93,1673015433195676160
47.1,1673015433212720640
30.95,1673015433226258432
47.22,1673015433454724864
30.98,1673015433476344320
47,1673015433635829760
30.95,1673015433727169536
47.12,1673015433776059136
47.24,1673015433811697920
47.15,1673015433812523520
47.12,1673015433963887360
47.1,1673015433978493440
47.22,1673015434063562752
47.12,1673015434071788544
45.83,1673015434141921280
45.93,1673015434203286528
30.9,1673015434483196416
30.93,1673015434486525440
30.78,1673015434512909312
47.12,1673015434734360064
45.95,1673015434829317120
47.1,1673015434927074816
30.9,1673015434987593984
47.24,1673015435028038144
3.14,1673015435054158080
3.15,1673015435054330368
45.93,1673015435080035328
3.15,1673015435156103680
3.15,1673015435156220416
3.14,1673015435210612480
3.15,1673015435210788352
47.22,1673015435280015360
30.76,1673015435303989760
45.95,1673015435455126784
47.24,1673015435485527040
3.15,1673015435496800768
3.15,1673015435497430016
30.78,1673015435558681344
30.76,1673015435583617280
3.14,1673015435637597184
3.15,1673015435637936640
3.15,1673015435677651200
3.15,1673015435677961984
47.12,1673015435679347200
30.95,1673015435728325120
30.98,1673015435728899072
47.22,1673015435736256512
3.14,1673015435737789952
47.1,1673015435738226944
3.15,1673015435738298880
47.24,1673015435793613056
30.85,1673015435834300160
31,1673015435858343936
45.85,1673015435936473344
45.83,1673015435941731584
47.12,1673015435989491712
47.15,1673015436024746496
30.88,1673015436085300736
31.02,1673015436091403776
47.1,1673015436200936448
30.85,1673015436204850944
47.02,1673015436432209664
47,1673015436436296960
47.15,1673015436451248384
47.12,1673015436465469440
30.83,1673015436481093632
45.93,1673015436482949120
30.8,1673015436483703040
45.95,1673015436525368064
47.02,1673015436692762880
30.9,1673015436733932032
30.88,1673015436752115712
45.85,1673015436950698240
47.15,1673015436970801664
30.85,1673015437015314432
47.17,1673015437131756032
47.12,1673015437135940608
3.25,1673015437147564032
3.24,1673015437148162816
47.27,1673015437201680640
45.83,1673015437323121664
47.05,1673015437447613952
47.24,1673015437452270592
47.27,1673015437493150720
30.9,1673015437515750400
45.93,1673015437528730112
45.95,1673015437553229056
30.88,1673015437565908480
31.05,1673015437680545536
47.24,1673015437748768256
47.27,1673015437788565760
45.93,1673015437803694336
30.93,1673015437820174848
47.02,1.673015437857e+18
47.1,1673015437895288576
31.07,1673015437899647744
45.95,1673015437900217600
47.22,1673015438041388032
45.85,1673015438084630016
47.2,1673015438087581440
47.05,1673015438107399680
45.83,1673015438130031360
31.05,1673015438150097664
31.07,1673015438182720256
31.1,1673015438185671168
45.93,1673015438405651456
31.02,1673015438436022272
30.9,1673015438465895936
45.95,1673015438483636480
31.05,1673015438486031104
47.22,1673015438537749504
47.2,1673015438542156288
3.25,1673015438551640064
3.24,1673015438552390656
47.07,1673015438611960064
30.88,1673015438625399040
3.25,1673015438631722240
3.24,1673015438632595968
31.02,1673015438738344960
31.05,1673015438753630208
47.2,1673015438792560128
30.93,1673015438876966144
45.85,1673015438885162496
30.9,1673015438921009152
31.02,1673015439003795968
30.88,1673015439004386816
30.85,1673015439070954240
30.83,1673015439072141312
45.83,1673015439080412672
31,1673015439253924096
47.07,1673015439257627136
47.05,1673015439285439744
47.17,1673015439295031040
47.2,1673015439320918528
30.85,1673015439322071296
30.83,1673015439366104064
31.02,1673015439449619456
47.1,1673015439513899520
47.07,1673015439538597120
47.07,1673015439538935808
47.05,1673015439557411584
30.8,1673015439572870656
30.98,1673015439699814144
47.17,1673015439826200320
45.8,1673015439840700928
47.02,1673015439851124480
3.15,1673015439858377728
3.15,1673015439858836992
3.14,1673015439918645248
3.15,1673015439919019008
30.93,1673015439951334656
45.93,1673015439998438144
30.95,1673015440000276992
30.83,1673015440073636864
47.15,1673015440076460544
30.8,1673015440100672512
47.05,1673015440131475968
45.9,1673015440249812736
30.93,1673015440250699264
3.15,1673015440278341120
3.15,1673015440278474752
47.17,1673015440311477504
30.83,1673015440352262144
30.8,1673015440401333248
45.78,1673015440423870464
30.78,1673015440485752832
3.14,1673015440500549120
3.15,1673015440500943360
3.15,1673015440699623936
3.15,1673015440699742208
30.8,1673015440747121920
47.17,1673015440747640064
30.9,1673015440754141440
45.88,1673015440754163712
30.93,1673015440798700544
45.9,1673015440830960384
45.8,1673015440933853440
3.14,1673015441001569536
3.15,1673015441001893888
47.15,1673015441085402880
47.05,1673015441109849088
30.95,1673015441140171520
30.85,1673015441249084416
47.15,1673015441250134784
47.02,1673015441280918016
45.93,1673015441311664128
3.15,1673015441342863360
3.15,1673015441343343104
3.25,1673015441383792896
3.24,1673015441384224000
30.83,1673015441417130240
47.02,1673015441493950720
30.98,1673015441533798912
1.87,1673015441548310528
30.8,1673015441561311744
45.9,1673015441563391488
1.87,1673015441602515456
30.85,1673015441815869184
47,1673015441851389952
30.83,1673015442031572480
45.78,1673015442031838208
30.8,1673015442032225792
47,1673015442032359936
30.95,1673015442036217344
45.88,1673015442081912064
47.12,1673015442104351744
47.12,1673015442266186240
30.83,1673015442289126144
47.1,1673015442358917632
46.98,1673015442362436864
47.12,1673015442413452544
30.98,1673015442422694912
47.15,1673015442519831296
47.02,1673015442533900288
30.85,1673015442539290880
47.1,1673015442665053440
47,1673015442763602944
45.9,1673015442766896128
47.12,1673015442770737920
30.95,1673015442945106944
30.98,1673015442945690112
45.88,1673015443024258048
30.88,1673015443304674304
30.85,1673015443342782976
47.1,1673015443533321984
47.07,1673015443672707584
46.98,1673015443733467904
47.1,1673015443740618752
30.95,1673015444211419648
30.98,1673015444532504320
45.76,1673015444921280512
45.85,1673015445055467520
30.95,1673015445058609152
1.87,1673015445068588544
1.87,1673015445158212608
45.88,1673015445161857536
45.73,1673015445444403712
47.07,1673015445517979648
47.07,1673015445560474112
45.83,1673015445665697280
45.85,1673015445789382144
30.98,1673015445841027584
45.83,1673015446299832832
30.95,1673015446347737856
30.98,1673015446394884608
31,1673015446475083776
31.02,1673015446501173760
30.9,1673015446619294720
30.88,1673015446674141184
31,1673015446756564736
46.95,1673015446776626688
45.71,1673015446786357760
46.95,1673015446846990080
45.85,1673015446872563712
45.73,1673015447044278016
45.83,1673015447125640960
31.02,1673015447172686848
30.93,1673015447176604416
45.85,1673015447252289024
31.05,1673015447266588672
45.76,1673015447297044736
1.87,1673015447419193856
47.1,1673015447447486720
45.73,1673015447447840768
1.87,1673015447473053184
45.83,1673015447512799232
47.07,1673015447700362240
31.02,1673015447771020288
45.85,1673015448108277760
45.76,1673015448204573184
31.05,1673015448245958144
45.88,1673015448413169152
31.02,1673015448504517120
30.9,1673015448525014016
30.88,1673015448529241856
45.85,1673015448667323392
47.05,1673015448715602944
31,1673015448755732480
30.9,1673015448785506816
30.88,1673015448880315136
30.85,1673015448881903360
45.73,1673015448894533120
46.93,1673015448899592960
45.83,1673015448917693184
3.22,1673015448934756352
3.21,1673015448934779136
3.11,1673015448934930432
3.13,1673015448935101440
30.88,1673015449132300800
45.71,1673015449395303680
47.05,1673015449591222784
45.73,1673015449648539648
45.8,1673015449673480192
45.83,1673015449677013760
47.02,1673015449772790016
46.9,1673015450431974400
47,1673015450534220288
47.07,1673015450541502976
47.02,1673015450602601216
30.9,1673015450649254400
47.05,1673015450805216256
47.07,1673015450834472448
47,1673015450875849216
30.88,1673015450947135744
47.02,1673015451013029888
30.98,1673015451037828864
31,1673015451083195136
3.21,1673015451295275008
3.13,1673015451295339520
3.22,1673015451295372544
3.12,1673015451295407360
3.11,1673015451321030144
3.22,1673015451321057536
3.21,1673015451321164800
3.13,1673015451321175552
31.02,1673015451377785344
46.98,1673015451385692672
3.22,1673015451424107520
3.12,1673015451424150528
3.21,1673015451424197120
3.13,1673015451424226560
30.93,1673015451450478592
46.93,1673015451500280832
46.9,1673015451516158720
31.05,1673015451571836928
46.93,1673015451775195904
45.85,1673015451868535296
47.05,1673015451877506560
30.95,1673015451953775616
30.93,1673015452030510336
30.88,1673015452069673216
30.85,1673015452069787648
31,1673015452081807872
31.02,1673015452132846592
46.9,1673015452289753856
30.9,1673015452320557568
31.05,1673015452368241152
47.02,1673015452396425216
45.76,1673015452414794752
30.93,1673015452573168896
31.02,1673015452870074368
31.05,1673015452938011648
46.93,1673015453051847936
31.02,1673015453190352384
31.05,1673015453316325120
31.02,1673015453569529344
47.1,1673015453773677568
31.05,1673015453779083520
45.88,1673015453859327488
47.05,1673015453893639168
3.21,1673015453919310848
3.22,1673015453920027136
45.78,1.673015453935e+18
31.07,1673015454030906368
46.95,1.673015454062e+18
47.07,1673015454073905152
31.1,1.673015454077e+18
30.98,1673015454097800960
45.9,1673015454109532672
1.87,1673015454325263616
31,1673015454348132864
47.1,1673015454366302464
1.87,1673015454371434240
1.87,1673015454398163968
3.73,1673015454425158144
30.98,1673015454564801024
30.95,1673015454564905472
31.07,1673015454581363456
45.88,1673015454615622656
47.07,1673015454616678400
30.98,1673015454819526144
31.1,1673015454883885568
31.12,1673015455062851072
47.05,1673015455124323328
45.9,1673015455215538944
47.07,1673015455300484096
31.1,1673015455317120000
31,1673015455326873344
47.07,1673015455364388864
45.8,1673015455471827968
45.78,1673015455627077376
47.1,1673015456087711744
31.12,1673015456115806464
1.87,1673015456124260864
1.87,1673015456124326144
45.8,1673015456127406592
47.1,1673015456127798016
1.87,1673015456269260288
31.02,1673015456329693696
45.78,1673015456586320640
45.76,1673015456596971008
47.07,1673015456639929856
31.15,1673015456679190016
45.88,1673015456745759744
47.1,1673015456905356288
47.12,1673015457035014656
47.12,1673015457080710656
47,1673015457112748032
47.15,1673015457144718336
47.15,1673015457184208640
47.02,1673015457201167360
31.17,1673015457225121280
31.07,1673015457339893760
45.78,1673015457350383360
3.22,1673015457431180544
3.21,1673015457431263232
3.11,1673015457431313664
3.13,1673015457431383552
47.12,1673015457435773440
3.13,1673015457541928448
3.22,1673015457541968640
3.12,1673015457542130944
3.21,1673015457542148864
3.21,1673015457592677888
3.22,1673015457593203712
31.2,1673015457691275264
47.1,1673015457954910464
46.98,1673015458001869312
3.11,1673015458054299648
3.22,1673015458054417408
3.21,1673015458054744320
3.13,1673015458055120896
45.76,1673015458083940352
31.1,1673015458099545600
31.07,1673015458099856640
31.05,1673015458102041856
31.02,1673015458104530944
3.15,1673015458108652032
3.24,1673015458108757760
3.14,1673015458108900352
3.25,1673015458108918272
3.25,1673015458111085056
3.24,1673015458111137280
3.15,1673015458111352576
3.15,1673015458111369216
31,1673015458123870208
31.12,1673015458193718272
3.25,1673015458245277184
3.24,1673015458245348352
3.14,1673015458245374720
3.15,1673015458245405440
45.85,1673015458263745536
45.88,1673015458312075520
45.78,1673015458334512896
45.76,1673015458364813056
31.02,1673015458376851968
45.78,1673015458635267072
3.15,1673015458639441920
47.12,1673015458639836672
3.24,1673015458640418816
3.25,1673015458640475136
3.15,1673015458640584192
47.15,1673015458698192384
47.17,1673015458779063040
47,1673015458779361792
47.12,1673015458951216640
3.21,1673015458991949056
3.22,1673015458992015360
3.12,1673015458992061184
3.13,1673015458992110336
47.02,1673015459032144640
47,1673015459138096128
47.15,1673015459279660800
31,1673015459386450944
31.07,1673015459466594816
31.1,1673015459524732928
45.85,1673015459648479744
45.76,1673015459648650496
30.98,1673015459652655616
30.95,1673015459669770240
31.05,1673015459778461440
45.88,1673015459888102912
45.78,1673015459899258880
45.76,1673015459949059840
47.15,1673015460015618048
31.07,1673015460017656832
30.93,1673015460078040064
47,1673015460109337088
30.9,1673015460127669760
3.21,1673015460136253440
3.22,1673015460136420352
3.13,1673015460136555008
3.11,1673015460136753664
30.88,1673015460233714944
31,1673015460268211712
46.98,1673015460273576448
47.12,1673015460277069824
47.1,1673015460292458240
30.85,1673015460315964928
47.15,1673015460372156416
47.12,1673015460387755264
45.78,1673015460450134784
30.98,1673015460521185024
30.88,1673015460566527744
31,1673015460597928448
47.1,1673015460640882688
47.02,1673015460671156224
47,1673015460788411392
47,1673015460851312384
47.12,1673015460880746496
47.15,1673015460964480000
46.98,1673015461046659840
30.98,1673015461100593664
30.85,1673015461163009280
47.12,1673015461207062016
47.12,1673015461220143104
47.15,1673015461272389120
31,1673015461308529152
3.13,1673015461325928448
3.22,1673015461325975552
3.12,1673015461326044160
3.21,1673015461326183680
3.21,1673015461374474240
3.22,1673015461374530816
3.11,1673015461374646784
3.13,1673015461374782464
45.76,1673015461382498816
45.85,1673015461408747008
30.88,1673015461417783040
45.88,1673015461427930112
47.1,1673015461457607680
3.12,1673015461504609792
3.22,1673015461504627712
3.13,1673015461504774144
3.21,1673015461504798208
3.22,1673015461519837184
3.21,1673015461519929344
3.11,1673015461520129280
3.13,1673015461520236544
47.12,1.673015461524e+18
46.98,1673015461535084544
30.98,1673015461565802240
30.85,1673015461578055680
45.73,1673015461620723200
46.95,1673015461620771840
3.22,1673015461651985408
3.21,1673015461652139520
3.12,1673015461652202240
3.13,1673015461652475392
3.21,1673015461670902016
3.22,1673015461670968320
3.11,1673015461670994432
3.13,1673015461671030784
45.83,1673015461686281984
47.1,1673015461775117312
30.88,1673015461831691264
3.13,1673015461831719680
3.22,1673015461831751680
3.21,1673015461831910144
3.12,1673015461831947520
46.98,1673015461877360128
3.22,1673015461922825216
3.21,1673015461922912256
3.13,1673015461922962944
3.11,1673015461923145984
31,1673015461937805056
30.85,1673015462043501568
45.76,1673015462132445184
30.95,1673015462189046016
45.73,1673015462193676544
45.85,1673015462229325056
30.98,1673015462336121600
47.12,1673015462517487360
47,1673015462555142656
45.76,1673015462697539072
47.1,1673015462767440640
46.98,1673015462793919744
30.88,1673015462805240832
30.85,1673015462824428032
30.95,1673015462840426240
30.98,1673015462845255168
30.95,1673015463095722240
45.73,1673015463135409152
45.83,1673015463240401408
30.98,1673015463266614016
30.88,1673015463334390784
45.76,1673015463394540032
45.73,1673015463404851456
45.85,1673015463496953344
47.07,1673015463525167616
31,1673015463566858752
31.02,1673015463570288640
30.9,1673015463585102080
31.05,1673015463605250304
45.76,1673015463655790336
30.93,1673015463835674112
30.9,1673015463845678592
31.02,1673015463855768320
46.95,1673015463923232768
45.73,1673015464011803648
46.95,1673015464151181312
45.83,1673015464251297792
47.05,1673015464283124480
31,1673015464359410944
46.98,1673015464401437184
31.02,1673015464477856768
30.93,1673015464600672768
30.9,1673015464675428352
31,1673015464729164544
30.88,1673015465005518080
30.85,1673015465111875072
47.07,1673015465136037888
46.95,1673015465164087040
30.95,1673015465230489600
47.07,1673015465248354816
47.1,1673015465541937920
30.88,1673015465613250048
30.85,1673015465646304256
45.71,1673015465734571008
47.05,1673015465751037952
45.8,1673015465766838784
47.07,1673015465792059392
45.83,1673015465801238528
47.07,1673015465832643584
46.93,1673015465961660928
30.93,1673015465985794304
30.95,1673015465992585216
47.05,1673015466042819584
45.8,1673015466051223040
45.68,1673015466194794240
46.93,1673015466198910464
45.78,1673015466305378560
47.05,1673015466346954240
45.8,1673015466358087680
45.71,1673015466697140480
46.9,1673015466800402432
47.02,1673015466849895936
47.07,1673015467343499264
47,1673015467354647296
30.83,1673015467422285056
45.68,1673015467423476480
47.02,1673015467463536640
46.98,1673015467487110656
30.9,1673015467508985600
47.1,1673015467558046208
46.93,1673015467559680000
30.8,1673015467581165056
30.93,1673015467651693824
47.05,1673015467673799936
30.83,1673015467832928768
30.8,1673015467842588160
30.9,1673015467905217536
47.02,1673015467924474880
47.05,1673015467939177472
30.93,1673015467939379200
30.83,1673015468092847360
30.8,1673015468213646080
45.78,1673015468373801472
30.9,1673015468439585280
30.93,1673015468450633984
30.83,1673015468467854848
1.87,1673015468716032256
1.87,1673015468816500736
30.8,1673015468927113728
30.95,1673015469093813760
45.8,1673015469104733440
30.98,1673015469149703936
30.88,1673015469177944320
45.71,1673015469179544320
30.85,1673015469214702080
1.87,1673015469218040832
1.87,1673015469237766656
31,1673015469602192384
47.02,1673015469697927680
1.87,1673015469699197696
47.05,1673015469701614336
30.9,1673015469716398080
1.87,1673015469900150272
47.02,1673015469957556736
3.22,1673015469972124672
3.21,1673015469972263936
3.13,1673015469972287744
3.12,1673015469972416000
3.22,1673015469976819712
3.21,1673015469976881920
3.11,1673015469976931328
3.13,1673015469977032960
47.05,1673015470101655552
30.88,1673015470121321216
1.87,1673015470241607680
46.9,1673015470310443776
1.87,1673015470320531968
47.02,1673015470352446720
30.85,1673015470352558592
30.83,1673015470354746368
30.98,1673015470356712960
30.8,1673015470426416384
47,1673015470604904960
47.07,1673015470608165888
30.95,1673015470608909824
30.85,1673015470677638144
30.83,1673015470803933184
45.68,1673015470839946752
30.93,1673015470862251520
45.78,1673015470879117056
46.88,1673015470882356480
30.95,1673015470894438656
30.85,1673015471054857728
45.71,1673015471359075584
30.98,1673015471374366208
46.98,1673015471375229184
47,1673015471551049984
47.02,1673015471558990080
30.95,1673015471625451520
46.9,1673015471641583616
46.88,1673015471677880064
45.68,1673015471717912576
30.83,1673015471719263744
46.95,1673015471741029120
46.93,1673015471743941376
45.66,1673015471787412224
47,1673015471809748224
30.8,1673015471814516736
47.05,1673015471874579456
47.07,1673015471874834176
30.9,1673015471875688448
46.95,1673015471996446720
45.68,1673015472039355136
46.98,1673015472247494656
30.78,1673015472286323456
46.95,1673015472374908928
30.85,1673015472377482240
1.87,1673015472378503424
30.88,1673015472379493120
47.05,1673015472383321600
47.07,1673015472394882816
30.9,1673015472404676608
46.93,1673015472522868480
45.66,1673015472525477120
47.05,1673015472645335040
45.76,1673015472658447360
30.88,1673015472658458880
30.9,1673015472687458816
46.98,1673015472827058944
46.9,1673015472952572416
30.76,1673015473042950656
45.78,1673015473055132416
46.85,1673015473191305984
30.88,1673015473195120384
46.93,1673015473208578560
45.76,1673015473308705280
47.02,1673015473666139648
1.87,1673015473692493312
30.85,1673015473695715328
47.05,1673015473708698880
3.21,1673015473711040256
3.22,1673015473711759104
1.87,1673015473812058880
30.73,1673015473834498560
46.95,1673015473840529408
1.87,1673015474152864768
1.87,1673015474233097984
47,1673015474250351616
47.07,1673015474388534016
30.71,1673015474396204544
30.68,1673015474403858944
30.78,1673015474449258496
46.88,1673015474452825088
1.87,1673015474453665792
46.95,1673015474484500992
30.8,1673015474490575872
46.98,1673015474503791616
1.87,1673015474634140416
47.05,1673015474643652864
30.78,1673015474741129984
30.8,1673015474794476032
1.87,1673015474995308800
45.78,1673015474995989760
3.21,1673015475014870016
3.22,1673015475015531520
1.87,1673015475051758080
1.87,1673015475256226816
47,1673015475300355072
47.02,1673015475303308288
1.87,1673015475416538880
47.05,1673015475420802560
47.07,1673015475429041664
30.83,1673015475431517440
30.85,1673015475434490368
1.87,1673015475436578304
46.93,1673015475467409664
1.87,1673015475487037440
1.87,1673015475517013760
45.68,1673015475587511040
30.71,1673015475666593792
30.83,1673015475688129280
1.87,1673015475697392128
45.66,1673015475705634304
45.76,1673015475751251968
45.78,1673015475773896704
30.73,1673015475917411840
30.8,1673015475940810240
45.68,1673015475957759488
30.83,1673015476023159296
30.85,1673015476023610368
30.76,1673015476169087744
1.87,1673015476499986944
1.87,1.673015476553e+18
1.87,1673015476559746560
47.07,1673015476564589056
47.1,1673015476691613184
1.87,1673015476700255744
1.87,1673015476720685568
46.98,1673015476725351936
30.73,1673015476857336832
1.87,1673015476881101312
47.07,1673015476943278592
47.1,1673015476964233216
46.98,1673015477020428800
30.83,1673015477041543680
47,1673015477230054912
1.87,1673015477261789440
30.85,1673015477302685184
3.21,1673015477321931776
1.87,1673015477322384640
3.22,1673015477322592768
1.87,1673015477342440448
1.87,1673015477394952960
1.87,1673015477402595328
47.12,1673015477559834112
1.87,1673015477583058432
3.21,1673015477602836992
1.87,1673015477603527936
3.22,1673015477603583488
30.78,1673015477609222144
3.21,1673015477703160832
1.87,1673015477703408128
3.22,1673015477703715840
30.88,1673015477745042176
47.15,1673015477833297920
3.21,1673015477843504128
1.87,1673015477843716096
3.22,1673015477844135680
30.8,1673015477862108416
47.17,1673015477897486336
45.8,1673015477916668160
30.9,1673015477916777984
47.1,1673015477920459776
47.12,1673015477935218176
1.87,1673015477944181760
45.71,1673015477972662016
47.05,1673015477986207744
1.87,1673015478033133824
47,1673015478089054720
1.87,1673015478093514752
1.87,1673015478233821440
47.1,1673015478452965888
30.78,1673015478489050112
1.87,1673015478574538752
47.12,1673015478577300992
47.1,1673015478846786048
47.12,1673015478846971136
47.15,1673015478914665216
30.88,1673015478926102528
30.9,1673015478932269056
47.1,1673015479109571840
30.8,1673015479256782336
47.12,1673015479459587584
1.87,1673015479477672960
47.02,1673015479525969408
1.87,1673015479557320192
1.87,1673015479577647360
1.87,1673015479778146560
1.87,1673015479858574336
30.88,1673015479938854912
1.87,1673015479958654720
1.87,1673015479998840832
30.9,1673015480151695104
30.93,1673015480152442368
30.83,1673015480265174784
45.68,1673015480472455168
30.8,1673015480495581440
47,1673015480635105792
30.9,1673015480654350848
47.12,1673015480676879616
30.78,1673015480718045184
45.78,1673015480724318208
45.66,1673015480735923200
47.1,1673015480741099520
1.87,1673015480764791040
3.15,1673015480817215488
3.24,1673015480817314816
3.25,1673015480817378816
3.14,1673015480817462272
3.24,1673015480818950400
3.25,1673015480819304448
3.15,1673015480819373568
3.15,1673015480819417344
1.87,1673015480845264640
30.88,1673015480904556544
1.87,1673015480904806656
1.87,1673015480924956160
47.1,1673015480928327936
46.98,1673015480966989056
47.12,1673015480967096320
1.87,1673015480985461248
45.68,1673015480992314368
1.87,1673015481145724416
30.85,1673015481160291584
47.1,1673015481221984768
30.88,1673015481224070144
45.76,1673015481227167744
46.98,1673015481253657344
30.76,1673015481286627328
30.83,1673015481475266816
30.73,1673015481476140544
47.07,1673015481545809920
45.66,1673015481595076864
46.95,1673015481603083520
1.87,1673015481667310592
46.95,1673015481683404800
47.07,1673015481724256768
1.87,1673015481787738880
30.85,1673015481815768320
1.87,1673015481840335104
1.87,1673015481848148992
46.98,1.673015481853e+18
30.76,1673015481977963008
30.88,1673015481980115456
30.9,1673015481988790272
46.95,1673015482003483136
30.73,1673015482007553536
1.87,1673015482048526080
45.73,1673015482235679744
30.83,1.673015482239e+18
30.85,1673015482313495552
45.63,1673015482343774464
1.87,1673015482369296384
1.87,1673015482609987840
1.87,1673015482650461184
30.83,1673015482818046720
30.85,1673015482828748288
30.88,1673015482989151232
30.76,1673015483019931648
46.98,1673015483214434304
46.95,1673015483223799808
47.05,1673015483242551040
30.78,1673015483274941184
47.1,1673015483278424320
30.9,1673015483356104704
1.87,1673015483372201216
1.87,1673015483412295168
1.87,1673015483472565248
3.22,1673015483472948480
3.21,1673015483473365760
46.98,1673015483484447744
47.07,1673015483529190400
30.8,1673015483530670336
30.78,1673015483549471744
30.88,1673015483609118208
3.21,1673015483612499968
1.87,1673015483612854784
3.22,1673015483613006336
47.07,1673015483932178432
30.9,1673015484019175680
1.87,1673015484057518080
30.8,1673015484057620992
30.93,1673015484122668544
1.87,1673015484137777152
47.05,1673015484184173568
47.07,1673015484195072000
47.1,1673015484195807744
1.87,1673015484218921472
46.98,1673015484278013184
30.83,1673015484311988480
45.76,1673015484570155520
45.66,1673015484626051840
47.1,1673015484808762368
30.95,1673015484819239680
47.12,1673015484822256384
30.98,1673015484827965952
1.87,1673015484840195584
45.78,1673015484843937792
45.68,1673015484877117696
31,1673015484926256640
1.87,1673015484980114944
47,1673015485037565952
30.88,1673015485071601152
47.1,1673015485075536640
30.98,1673015485176515584
30.85,1673015485201386240
46.98,1673015485201595136
45.66,1673015485201619456
47.07,1673015485210498560
47.1,1673015485211694080
31,1673015485288746496
47.12,1673015485314548480
45.68,1673015485451809280
47,1673015485452025856
30.9,1673015485457353728
31.02,1673015485478512896
45.66,1673015485689059840
46.98,1673015485689070592
46.95,1673015485692753408
47.07,1673015485721486080
31,1673015485733535744
31.02,1673015485817283072
47.1,1673015485821020160
1.87,1673015485823081216
47.12,1673015485834110464
31.05,1673015485836075264
45.68,1673015485939007744
47,1673015485941425920
30.95,1673015485962640896
1.87,1673015485962870784
30.93,1673015485966459136
30.9,1673015485967173632
47.1,1673015486018198016
46.98,1673015486212633088
47.15,1673015486268273664
31.07,1673015486420709888
30.98,1673015486473321216
31.1,1673015486604291072
47.12,1673015486636871936
47.02,1673015486700024576
47,1673015486723315456
31,1673015486724465152
45.8,1673015486737532416
31.12,1673015486820833280
47.05,1673015486951420928
47.02,1673015487052092416
31.15,1673015487064860160
47.1,1673015487158287872
31.17,1673015487190530048
31.05,1673015487226718208
45.78,1673015487246668800
47,1673015487341081600
46.98,1673015487392507392
31.15,1673015487442579968
31.02,1673015487479370240
31.17,1673015487494976512
45.76,1673015487501716736
47.12,1673015487535050240
1.87,1673015487547024640
47.02,1673015487591815680
1.87,1673015487647827200
45.66,1673015487670426112
1.87,1673015487728221184
31.05,1673015487733441536
31.15,1673015487745032960
31.17,1673015487783596544
47,1673015487989650176
31.15,1673015488033617408
31.17,1673015488050983680
31.2,1673015488054116352
45.78,1673015488061027584
47.12,1673015488076174848
47,1673015488153434880
45.68,1673015488172111104
47.02,1673015488242216960
31.17,1673015488305977344
3.21,1673015488309460992
1.87,1673015488309901056
3.22,1673015488310270720
1.87,1673015488334417664
31.02,1673015488403505152
1.87,1673015488414540544
31.2,1673015488449755904
47.15,1673015488510874112
31,1673015488535360256
31.15,1673015488701122560
47.12,1673015488774683648
31.05,1673015488787495936
31.17,1673015488790182144
31.2,1673015488804778240
1.87,1673015488855714560
47.15,1673015488863130880
1.87,1673015488910566912
1.87,1673015488915946240
31.07,1673015489039198464
31.05,1673015489040118784
31.17,1673015489056099840
31.2,1673015489186670592
47.02,1673015489236687360
47,1673015489263438848
31.07,1673015489292410368
31.17,1673015489438031360
1.87,1673015489738189824
47.02,1673015489770480640
47,1673015489781127680
31.2,1673015489813307136
31.17,1673015490065335040
31.2,1673015490297611520
47.12,1673015490381453056
47.15,1673015490422201600
31.05,1673015490427098880
1.87,1673015490520840704
3.22,1673015490521139456
3.21,1673015490521445120
31.15,1673015490547654144
3.21,1673015490577250816
3.22,1673015490577991936
31.17,1673015490579340288
3.21,1673015490580430080
3.22,1673015490581165824
1.87,1673015490601050112
3.21,1673015490640552704
3.22,1673015490641195008
31.2,1673015490724684544
3.21,1673015490741312256
1.87,1673015490741712384
3.22,1673015490741891584
47.02,1673015490796450816
1.87,1673015490821634048
1.87,1673015490841776640
47,1673015490871168512
1.87,1673015490921814016
31.07,1673015490927887872
3.12,1673015490958184448
3.22,1673015490958237184
3.13,1673015490958309120
3.21,1673015490958446080
47.15,1673015490958882560
3.22,1673015490968674304
3.11,1673015490968724224
3.21,1673015490968736768
3.13,1673015490968796160
31.17,1673015490975179520
45.8,1673015490982191616
1.87,1673015491022376960
31.05,1673015491023892736
3.12,1673015491024305664
3.22,1673015491024364032
3.13,1673015491024465408
3.21,1673015491024620032
31.02,1673015491025710080
31,1673015491031413248
1.87,1673015491082636544
3.21,1673015491092504320
3.22,1673015491092585216
3.13,1673015491092715776
3.11,1673015491092776448
1.87,1673015491102505216
3.22,1673015491144598016
3.12,1673015491144645632
3.21,1673015491144712192
3.13,1673015491144749568
3.22,1673015491156838912
3.21,1673015491156911104
3.11,1673015491156970240
3.13,1673015491157009408
1.87,1673015491160620544
47.12,1673015491214108160
31.12,1673015491225820672
3.21,1673015491322475776
3.22,1673015491322770432
3.12,1673015491322982144
3.13,1673015491323080960
47.12,1673015491425015808
45.78,1673015491490935808
31.02,1673015491540888320
1.87,1673015491583743488
45.8,1673015491704959488
31.15,1673015491725472000
47.1,1673015491738676480
1.87,1673015491764186112
31.05,1673015491791328000
1.87,1673015491804567552
31.17,1673015491820730624
47.15,1673015491837905664
1.87,1673015491904753152
45.71,1673015491969127680
31.07,1673015492043238400
1.87,1673015492065291520
31.05,1673015492072976640
47.12,1673015492131164672
47.15,1673015492150695936
1.87,1673015492186082560
3.14,1673015492206133248
3.22,1673015492206233856
3.15,1673015492206532096
3.21,1673015492206599936
31.2,1673015492247120896
45.83,1673015492263894784
47.05,1673015492304635136
1.87,1673015492305878784
31.1,1673015492326326272
47.02,1673015492387273216
1.87,1673015492466398720
31.22,1673015492477966336
45.8,1673015492516133376
31.12,1673015492577523456
45.68,1673015492589232896
1.87,1673015492707577344
31.24,1673015492781549568
31.15,1673015492827737344
1.87,1673015492907863040
1.87,1673015492927759360
47,1673015493002606080
31.22,1673015493034321408
31.24,1673015493075476992
31.17,1673015493077728256
31.15,1673015493081840640
31.27,1673015493082235392
45.71,1673015493090020864
1.87,1673015493108404480
47.02,1673015493135721216
47.12,1673015493166459392
1.87,1673015493229036544
31.17,1673015493333369344
31.24,1673015493333426688
31.27,1673015493333660672
31.29,1673015493361619200
47.02,1673015493506676736
31.32,1673015493543641088
1.87,1673015493549846016
1.87,1673015493569839616
47.15,1673015493578313984
31.2,1673015493587033088
1.87,1673015493629965056
1.87,1.67301549365e+18
1.87,1673015493770180864
47,1673015493795325184
31.29,1673015493796672512
47.12,1673015493829361664
1.87,1673015493830454272
45.68,1673015493872888576
45.78,1673015494032986112
45.8,1673015494035508480
47.02,1673015494071634432
31.17,1673015494125690368
1.87,1673015494151566080
1.87,1673015494191559680
31.15,1673015494209641472
47,1673015494244773888
1.87,1673015494271610368
45.78,1673015494288982784
45.8,1673015494297950208
31.27,1673015494299204096
1.87,1673015494313193472
31.29,1673015494347414016
47.12,1673015494358333952
45.71,1673015494377734400
31.2,1673015494467680256
31.17,1673015494556762112
47,1673015494576166656
1.87,1673015494592522752
1.87,1673015494652871936
31.15,1673015494652984832
45.68,1673015494779890688
45.78,1673015494799094784
47.02,1673015494840951808
31.27,1673015494853580800
31.17,1673015494903122432
47,1673015494980969472
1.87,1673015495013874944
46.98,1673015495031499520
1.87,1673015495033957888
31.15,1673015495044615936
47.1,1673015495102528000
45.66,1673015495107480320
1.87,1673015495114155264
47.02,1673015495233434880
31.17,1673015495295962112
45.76,1673015495299942400
31.24,1673015495353790976
47.07,1673015495368806912
31.27,1673015495371572224
47.1,1673015495387779584
31.29,1673015495391590400
45.78,1673015495399311872
47,1673015495537809920
47.15,1673015495543385088
31.2,1673015495549374464
1.87,1673015495595627520
46.98,1673015495737873408
3.15,1673015495775242496
3.15,1673015495775365120
47.12,1673015495793464832
1.87,1673015495896496384
3.14,1673015495896654848
3.15,1673015495897142784
45.76,1673015495911266560
1.87,1673015495936562944
3.15,1673015495936805888
3.15,1673015495937379840
31.17,1673015495980384256
47,1673015496014676736
1.87,1673015496016857600
3.14,1673015496017097984
3.15,1673015496017768448
47.15,1673015496092170752
1.87,1673015496117219840
3.15,1673015496117321984
3.15,1673015496117752064
31.27,1673015496147971584
45.78,1673015496240536064
47,1673015496248487936
1.87,1673015496257587456
3.14,1673015496257728512
3.15,1673015496258103040
47.02,1673015496264969984
47.12,1673015496344179456
45.68,1673015496373678080
3.15,1673015496390809344
3.15,1673015496390852608
31.24,1673015496397955584
31.15,1673015496444525568
46.98,1673015496463495168
45.66,1673015496485295616
47,1673015496490409216
45.76,1673015496492520448
31.12,1673015496549306880
1.87,1673015496558315776
45.78,1673015496665968384
47.02,1673015496742247680
31.15,1673015496800260608
1.87,1673015496819214080
31.27,1673015496841960448
1.87,1673015496879315968
45.76,1673015496916057344
47.15,1673015497004528640
31.17,1673015497051284992
31.29,1673015497059015168
3.21,1673015497059480064
1.87,1673015497059971072
3.22,1673015497060244480
1.87,1673015497099987456
31.32,1673015497207655680
47,1673015497227714560
31.22,1673015497302659584
45.78,1673015497381352448
47.12,1673015497381926656
1.87,1673015497400890368
1.87,1673015497440939008
31.2,1673015497441927680
31.29,1673015497457766912
31.17,1673015497459413504
47.02,1673015497480243456
3.21,1673015497480862976
3.22,1673015497481580544
45.68,1673015497496937984
47.05,1673015497500778240
1.87,1673015497501149696
31.15,1673015497537388032
47.02,1673015497537410048
3.21,1673015497540928256
1.87,1673015497541384960
3.22,1673015497541632000
47,1673015497586332672
1.87,1673015497607800064
31.27,1673015497707834880
47.12,1673015497761598720
47,1673015497816562944
47.1,1.673015497884e+18
31.24,1673015497958397440
31.27,1673015498061954304
31.29,1673015498062327808
31.29,1673015498064120064
31.15,1673015498064171776
31.32,1673015498064771584
31.32,1673015498065181184
31.15,1673015498065228544
31.34,1673015498077363456
47.15,1673015498179382784
3.21,1673015498209648640
1.87,1673015498209723392
3.22,1673015498209864192
3.21,1673015498289332224
1.87,1673015498289602048
3.22,1673015498289958656
31.24,1673015498292170752
47.02,1673015498317568256
3.21,1673015498470144000
1.87,1673015498470704384
3.22,1673015498470912256
31.22,1673015498554754560
45.8,1673015498557401856
47.05,1673015498574209280
47.12,1673015498613222912
1.87,1673015498710947840
47.02,1673015498711015680
45.71,1673015498761506304
47.17,1673015498775574016
1.87,1673015498791456000
45.83,1673015498844710656
47.02,1673015498866895360
31.37,1673015498878021120
47.2,1673015498913646080
31.39,1673015498917776384
47.15,1673015498922145792
1.87,1673015498956342784
3.14,1673015498956542976
3.15,1673015498957113856
47.07,1673015498961117440
1.87,1673015498971940864
45.73,1673015499011971584
31.27,1673015499057722368
1.87,1673015499132760320
31.29,1673015499308893440
1.87,1673015499312957696
47.05,1673015499367559424
45.71,1673015499408138752
47.02,1673015499430230528
31.27,1673015499436163072
1.87,1673015499459117056
47.05,1673015499511641088
45.8,1673015499606227968
1.87,1673015499639361536
47.17,1673015499668799744
31.29,1673015499687943680
47.07,1673015499768873472
31.41,1673015499981074432
31.44,1673015499995068160
47.05,1673015500011280384
45.83,1673015500113917952
1.87,1673015500180966144
31.34,1673015500191642880
31.41,1673015500246321664
31.32,1673015500253171200
47.07,1673015500261969664
1.87,1673015500381968640
31.34,1673015500504822784
31.44,1673015500524061440
1.87,1673015500542279936
47.2,1673015500617331456
1.87,1673015500623058432
45.73,1673015500663478784
47.05,1673015500700177920
47.02,1673015500734150144
31.32,1673015500752379392
31.41,1673015500774455040
31.44,1673015500879425280
1.87,1673015500983339264
45.85,1673015500996279040
1.87,1673015501003587840
1.87,1673015501063583232
1.87,1673015501163820800
45.76,1673015501164756480
45.73,1673015501251536384
31.34,1673015501254166784
47,1673015501259261184
31.32,1673015501295376384
1.87,1673015501364569856
47.12,1673015501468110848
1.87,1673015501485193984
45.76,1673015501502139392
45.73,1673015501516323840
31.34,1673015501549494784
1.87,1673015501585216256
46.98,1673015501601410048
1.87,1673015501605278720
1.87,1673015501665417984
1.87,1673015501685467648
47.1,1673015501719179520
45.83,1673015501764790016
45.85,1673015501770891264
47.12,1673015501789194240
47,1673015501861633280
47.02,1673015502118950912
31.46,1.673015502126e+18
45.76,1673015502276976640
47,1673015502313743616
45.73,1673015502323031296
31.44,1673015502376328192
47.17,1673015502383421440
31.32,1673015502391795200
47.05,1673015502426247168
31.29,1673015502434300160
46.98,1673015502436992512
1.87,1673015502488186368
45.83,1673015502528054016
1.87,1673015502528279040
3.15,1673015502528449280
3.15,1673015502529061120
47.1,1673015502567495680
31.41,1673015502626510336
3.14,1673015502628487936
3.15,1673015502628908032
47.15,1673015502634053120
31.32,1673015502686364672
31.29,1673015502700135936
1.87,1673015502728431360
31.27,1673015502760885760
31.24,1673015502855170816
31.34,1673015502877473536
31.22,1673015502884157440
1.87,1673015502929083392
45.8,1673015503030179584
46.95,1673015503043557888
47.07,1673015503073328640
45.83,1673015503099153408
31.37,1673015503104171264
31.24,1673015503135697408
47.1,1673015503268204032
46.98,1673015503312220160
45.71,1673015503430617344
31.22,1673015503513171200
47.02,1673015503515213056
47.07,1673015503518458880
46.95,1673015503519411456
47,1673015503543056384
45.68,1673015503554046720
46.93,1673015503554633216
1.87,1673015503571404544
1.87,1673015503591278592
3.15,1673015503591563776
3.15,1673015503592194304
31.32,1673015503609024256
45.8,1673015503617827840
31.34,1673015503630968064
47.05,1673015503770751488
47.02,1673015503804281856
46.95,1673015503804978688
1.87,1673015503851895808
3.14,1673015503852172800
3.15,1673015503852652032
31.32,1673015503881766144
1.87,1673015503931972608
3.15,1673015503932975616
3.15,1673015503933303808
31.34,1673015503989624832
47.07,1.673015504015e+18
1.87,1673015504052605952
31.37,1673015504096803840
45.78,1673015504121828864
45.8,1673015504122124800
31.24,1673015504265157632
47.05,1673015504266822144
31.34,1673015504347869440
46.93,1673015504365470208
31.22,1673015504366100992
45.78,1673015504373859584
1.87,1673015504413633536
47.02,1673015504524125184
47.05,1673015504531762688
47,1673015504534928640
45.66,1673015504568358912
31.32,1673015504598233088
47.12,1673015504663440384
1.87,1673015504734533376
3.14,1673015504734840064
3.15,1673015504735250432
31.2,1673015504749178368
1.87,1673015504754530304
3.15,1673015504754848768
3.15,1673015504755407616
47.02,1673015504785200640
47.02,1673015504788351744
3.14,1673015504815092480
3.15,1673015504815508992
31.29,1673015504848577280
45.76,1673015504880538880
31.17,1673015504890172160
1.87,1673015504898664960
46.9,1673015504936447744
1.87,1673015504938746880
31.15,1673015504939855360
45.78,1673015504976183296
1.87,1673015504998840832
1.87,1673015505019045120
45.68,1673015505072743936
31.24,1673015505098753280
1.87,1673015505099151360
47.15,1673015505111478784
31.27,1673015505119494400
3.21,1673015505147854336
3.22,1673015505147873536
3.11,1673015505148032256
3.13,1673015505148093440
1.87,1673015505179502080
3.15,1673015505179788288
3.15,1673015505180267008
46.93,1673015505189128192
31.17,1673015505448279296
46.9,1673015505476127744
31.29,1673015505631183616
45.8,1673015505639647232
31.15,1673015505733920768
31.27,1673015505884427520
45.78,1673015505889804544
31.24,1673015506145827584
31.27,1673015506180243968
31.17,1673015506239479808
31.29,1673015506362642944
31.32,1673015506368165120
31.22,1673015506491342080
31.2,1673015506510381824
47,1673015506618589440
31.29,1673015506621343744
47.12,1673015506642552320
47.02,1673015506742136576
47.15,1673015506743357952
31.22,1673015506760360960
31.32,1673015506761738240
31.34,1673015506764416256
45.8,1673015506769865984
31.2,1673015506832653312
47.12,1673015506993752320
47,1673015507005712384
31.32,1673015507014959616
31.34,1673015507038105600
47.02,1673015507045687808
31.22,1673015507082742272
45.71,1673015507106292480
31.24,1673015507333257216
31.37,1673015507363668736
45.83,1673015507410964992
47,1673015507568861440
31.27,1673015507583979520
45.73,1673015507612282880
45.71,1673015507843563520
47,1673015507843721216
47.02,1673015507847792128
31.34,1673015507870729216
31.24,1673015507890901504
45.73,1673015508093860096
47.02,1673015508112072960
31.32,1673015508126772224
31.34,1.673015508127e+18
31.37,1673015508387443456
31.27,1673015508394465536
31.24,1673015508440532736
47.15,1673015508500540928
31.34,1673015508640637952
31.37,1673015508646800640
31.27,1673015508691505920
46.93,1673015508852367104
31.24,1673015509034043136
31.22,1673015509053688320
47.05,1673015509092504320
31.34,1.673015509149e+18
31.2,1673015509248640000
47.02,1673015509361659392
31.32,1673015509403929088
31.22,1673015509503097344
46.9,1673015509627868672
47,1673015509749178624
31.34,1673015509830212096
46.93,1673015509889722368
3.14,1673015509916979712
3.15,1673015509917420544
46.9,1673015509933660672
1.87,1673015509996882432
47.02,1673015510001254656
31.24,1673015510007868160
46.93,1673015510184710144
31.37,1673015510212806144
31.22,1673015510291965440
31.2,1673015510325099008
31.27,1673015510464509184
31.29,1673015510470958080
31.17,1673015510500058880
1.87,1673015510598908928
31.2,1673015510753438208
31.32,1673015510764741376
31.34,1673015510833067264
47.17,1673015510993930752
3.22,1673015510996247040
3.21,1673015510996339456
3.12,1673015510996354048
3.13,1673015510996380416
31.22,1673015511003911168
3.22,1673015511010227712
3.21,1673015511010279680
3.11,1673015511010351360
3.13,1673015511010433280
47.05,1673015511010548480
1.87,1673015511019901184
1.87,1673015511040316928
3.13,1673015511113613312
3.22,1673015511113654016
3.12,1673015511113702144
3.21,1673015511113750016
3.22,1673015511123937280
3.21,1673015511123961344
3.11,1673015511124069888
3.13,1673015511124236544
3.13,1.673015511224e+18
3.22,1673015511224031744
3.12,1673015511224142080
3.21,1673015511224219648
3.22,1673015511234280448
3.21,1673015511234349824
3.11,1673015511234381312
3.13,1673015511234462464
47.15,1673015511243871744
31.24,1673015511253918976
47.05,1673015511311241216
3.22,1673015511334694144
3.13,1673015511334912000
3.21,1673015511334944256
3.12,1673015511334992384
31.32,1673015511340851456
3.22,1673015511355509248
3.21,1673015511355616000
3.13,1673015511355692800
3.11,1673015511355766016
47.02,1673015511380459264
31.34,1673015511410627840
3.22,1673015511470126080
3.21,1673015511470243840
3.12,1673015511470264832
3.13,1673015511470330880
3.21,1673015511509950464
3.22,1673015511510033408
3.11,1673015511510059264
3.13,1673015511510152960
3.12,1673015511624049664
3.22,1673015511624238592
3.13,1673015511624260608
3.21,1673015511624318720
47.05,1673015511634469120
3.13,1673015511660124160
3.22,1673015511660136960
3.11,1673015511660179200
3.21,1673015511660199424
1.87,1673015511722152704
46.95,1673015511760863744
3.22,1673015511776452864
3.21,1673015511776545280
3.12,1673015511776557568
3.13,1673015511776619520
1.87,1673015511882309376
47.02,1673015511903045120
1.87,1673015512042796032
1.87,1673015512103247616
31.32,1673015512164644352
46.93,1673015512248797184
31.34,1673015512288631040
31.22,1673015512301743616
31.2,1673015512510873856
31.29,1673015512542414848
31.32,1673015512572101120
47.05,1673015512657669632
31.34,1673015512701368576
31.22,1673015512761633536
3.13,1673015512854251264
3.22,1673015512854282752
3.21,1673015512854361600
3.12,1673015512854437120
3.24,1673015512854489344
3.25,1673015512854558720
3.14,1673015512854590976
3.15,1673015512854603776
31.32,1673015512955929856
31.34,1.673015512988e+18
31.24,1673015513012174848
47.17,1673015513041338368
31.22,1673015513063182080
1.87,1673015513146151680
1.87,1673015513166242816
31.32,1673015513239208448
31.2,1673015513247767552
47.15,1673015513291569664
47.02,1673015513318082816
1.87,1673015513346578944
1.87,1673015513406871552
3.22,1673015513424276480
3.21,1673015513424354560
3.11,1673015513424419584
3.13,1673015513424591360
1.87,1673015513472029184
31.29,1673015513491185920
3.22,1673015513535703040
3.13,1673015513535755776
3.21,1673015513535772672
3.12,1673015513536045056
47.05,1673015513569476608
3.21,1673015513630042112
3.22,1673015513630112768
3.11,1673015513630253056
3.13,1673015513630281984
3.22,1673015513731602944
3.13,1673015513731635712
3.21,1673015513731668992
3.12,1673015513731817984
47.02,1673015513800422912
47.02,1673015513917563392
47.05,1673015514080874240
46.95,1673015514090078208
47.07,1673015514505728512
31.17,1673015514561552384
31.27,1673015514761504768
31.29,1673015514784296960
31.2,1673015514815532800
47.05,1673015514819774976
31.32,1673015514984915968
31.22,1673015515067555584
1.87,1673015515071632384
31.34,1673015515114132224
45.85,1673015515232884736
47.02,1673015515321767936
1.87,1673015515412833280
45.76,1673015515442244096
47.17,1673015515443725056
1.87,1673015515553163520
31.24,1673015515567558400
47.05,1673015515573091584
1.87,1673015515604642560
1.87,1673015515653734144
47.15,1673015515695430400
1.87,1673015515733386496
1.87,1673015515854205440
1.87,1673015515994292480
1.87,1673015516014374656
1.87,1673015516355335936
1.87,1673015516435859456
31.22,1673015516664941568
1.87,1673015516696368640
1.87,1673015516796722944
31.24,1673015516915450368
45.88,1673015516942521856
1.87,1673015516997153792
45.85,1673015517197067264
45.88,1673015517228558080
1.87,1673015517358389248
1.87,1673015517478471680
45.85,1673015517479449856
31.22,1673015517488940544
47.05,1673015517626510080
1.87,1673015517638990336
46.93,1673015517650368256
31.32,1673015517653780992
31.34,1673015517740091136
1.87,1673015517799357440
46.95,1673015517904683008
31.24,1673015517995185152
1.87,1673015518080719616
3.25,1673015518099880960
3.24,1673015518100800256
3.24,1673015518120754688
3.25,1673015518121126656
45.88,1673015518133306624
1.87,1673015518140669184
1.87,1673015518160049152
3.25,1673015518180012032
3.24,1673015518180849152
1.87,1673015518210467328
1.87,1673015518220510208
31.32,1673015518245982208
1.87,1673015518272029184
1.87,1673015518346196480
1.87,1673015518398195712
1.87,1673015518406176768
31.34,1673015518633760256
45.85,1673015518636157184
47.17,1673015518636896768
47.07,1673015518637022208
45.88,1673015518640780800
47.2,1673015518663852032
1.87,1673015518667628800
1.87,1673015518687334400
45.78,1673015518713367552
47.1,1673015518752471552
1.87,1673015518807677184
47.07,1673015518867580416
46.98,1673015518909054976
47.17,1673015518914150400
1.87,1673015518947790848
31.22,1673015518981553152
47.07,1673015519002859520
47.2,1673015519010332416
31.32,1673015519141047808
31.34,1673015519151620608
1.87,1673015519168512000
1.87,1673015519188696064
31.24,1673015519235860480
1.87,1673015519248236032
47.17,1.673015519262e+18
1.87,1673015519269190656
31.22,1673015519279037184
31.32,1673015519402195968
1.87,1673015519449646080
1.87,1673015519489484288
45.9,1673015519617424384
31.29,1673015519652361216
31.32,1673015519687565056
45.8,1673015519716683520
1.87,1673015519770650880
1.87,1673015519830681856
1.87,1673015519890480128
1.87,1673015519910661632
47.1,1673015519977315840
47.2,1673015519989216256
